V	type
0.42934604538438	Observed
0.262677011702018	Permuted
0.261863070079705	Permuted
0.261661877397431	Permuted
0.262009896435127	Permuted
0.263344736321868	Permuted
0.262469865322694	Permuted
0.261527317105821	Permuted
0.266016820669639	Permuted
0.263813546073204	Permuted
0.261863010584234	Permuted
0.262622771464516	Permuted
0.261614057073241	Permuted
0.260876413498556	Permuted
0.262604251081257	Permuted
0.264560387885589	Permuted
0.263222185544489	Permuted
0.262409026609567	Permuted
0.262348786992449	Permuted
0.262843134611815	Permuted
0.262478868546644	Permuted
0.261987967376498	Permuted
0.261844977557788	Permuted
0.262810337514315	Permuted
0.262864413130418	Permuted
0.261493012836772	Permuted
0.260989941660237	Permuted
0.26224441911118	Permuted
0.261047879689925	Permuted
0.263277456286868	Permuted
0.263438295241261	Permuted
0.263503963586145	Permuted
0.260524290933216	Permuted
0.263512812877258	Permuted
0.260893766779677	Permuted
0.263584584599647	Permuted
0.261407349834175	Permuted
0.262091676822883	Permuted
0.262663367116825	Permuted
0.262557693098209	Permuted
0.264738235579079	Permuted
0.263365665434876	Permuted
0.262265891661881	Permuted
0.263575657799261	Permuted
0.26403550237746	Permuted
0.261606819208771	Permuted
0.262899538583758	Permuted
0.262395205131663	Permuted
0.261530630508226	Permuted
0.260784712497701	Permuted
0.261962257380484	Permuted
0.261486806178572	Permuted
0.268780023647221	Permuted
0.261891933935968	Permuted
0.262147859998962	Permuted
0.26080075547606	Permuted
0.261430511985803	Permuted
0.263774684306123	Permuted
0.266533781977875	Permuted
0.262784473093326	Permuted
0.263970374333777	Permuted
0.262329866244456	Permuted
0.262297516349258	Permuted
0.262675317687491	Permuted
0.261746847778609	Permuted
0.263483732601399	Permuted
0.262602914390696	Permuted
0.263158738601967	Permuted
0.261569830519355	Permuted
0.261752190695245	Permuted
0.260224784479353	Permuted
0.264225118711094	Permuted
0.266050308686904	Permuted
0.26109430732897	Permuted
0.263519280876507	Permuted
0.262142377765818	Permuted
0.261019681124288	Permuted
0.262588747803366	Permuted
0.262710608603902	Permuted
0.262148546550519	Permuted
0.262014598747051	Permuted
0.262385699530681	Permuted
0.262059100895399	Permuted
0.260536308953233	Permuted
0.261394073805798	Permuted
0.262957292792763	Permuted
0.262905964991456	Permuted
0.263157935936517	Permuted
0.262094164533902	Permuted
0.260557653077566	Permuted
0.263052227361824	Permuted
0.26536417940036	Permuted
0.262993101193053	Permuted
0.263829425776361	Permuted
0.261870592981237	Permuted
0.262881042895091	Permuted
0.261173739043923	Permuted
0.261712518644365	Permuted
0.262071690160746	Permuted
0.261488763834989	Permuted
0.262853444989447	Permuted
0.263668407969845	Permuted
0.261880468608013	Permuted
0.262401741773329	Permuted
0.263366340311855	Permuted
0.26178013147409	Permuted
0.262301363603501	Permuted
0.261077448626473	Permuted
0.26126695033161	Permuted
0.262109521926046	Permuted
0.261156479438905	Permuted
0.260775533939296	Permuted
0.263217701198925	Permuted
0.26296161206254	Permuted
0.263194678622026	Permuted
0.263001849634243	Permuted
0.262185639392593	Permuted
0.260537878793925	Permuted
0.262080294447631	Permuted
0.262621518769564	Permuted
0.262606836800497	Permuted
0.262855654990092	Permuted
0.261777615173852	Permuted
0.263431308344139	Permuted
0.263109493530694	Permuted
0.262429401395981	Permuted
0.26537800996592	Permuted
0.261038271912832	Permuted
0.262982162677833	Permuted
0.263016768406198	Permuted
0.263246201492738	Permuted
0.261452238498522	Permuted
0.263772053714539	Permuted
0.261946408278715	Permuted
0.262097314757662	Permuted
0.261929466826756	Permuted
0.261168518101158	Permuted
0.261813365098179	Permuted
0.262999942677779	Permuted
0.264478462333729	Permuted
0.262084926467223	Permuted
0.263893885432449	Permuted
0.263186816603633	Permuted
0.262653809881108	Permuted
0.265252014723485	Permuted
0.263323278858483	Permuted
0.26395789022082	Permuted
0.262617524671864	Permuted
0.263071112065253	Permuted
0.261760074300932	Permuted
0.261368778685762	Permuted
0.26252236295006	Permuted
0.259558369789345	Permuted
0.265024510801773	Permuted
0.26115486642636	Permuted
0.263370669569529	Permuted
0.262665107860354	Permuted
0.260642518117248	Permuted
0.262197162041823	Permuted
0.264225787811737	Permuted
0.263210861599637	Permuted
0.261330242603422	Permuted
0.26251903687116	Permuted
0.259871131848022	Permuted
0.266556590769732	Permuted
0.261150023107255	Permuted
0.261315715401085	Permuted
0.263001050766233	Permuted
0.260768757506981	Permuted
0.262945154102311	Permuted
0.261858786933267	Permuted
0.263052147543085	Permuted
0.264885496593511	Permuted
0.26559642153468	Permuted
0.261153804817423	Permuted
0.261315173318538	Permuted
0.26225757571664	Permuted
0.264067508659835	Permuted
0.263791499199179	Permuted
0.262961136515172	Permuted
0.263144360644748	Permuted
0.26195452692158	Permuted
0.263146480361085	Permuted
0.265597055210616	Permuted
0.261123556305348	Permuted
0.263373391596665	Permuted
0.263042133209598	Permuted
0.262918671179575	Permuted
0.262226117546564	Permuted
0.263225850125413	Permuted
0.262690288615068	Permuted
0.261009668318085	Permuted
0.262257092277216	Permuted
0.26368099484899	Permuted
0.263590651972551	Permuted
0.264595026247417	Permuted
0.261992750221089	Permuted
0.262352988009701	Permuted
0.262873773823097	Permuted
0.263169704416431	Permuted
0.261662085796887	Permuted
0.262290557437593	Permuted
0.262994420812615	Permuted
0.260763796221305	Permuted
0.26283284927031	Permuted
0.262083494186271	Permuted
0.260859644366148	Permuted
0.261276959430864	Permuted
0.263212322537727	Permuted
0.260434617713362	Permuted
0.263004810691989	Permuted
0.261534567773629	Permuted
0.263487708199578	Permuted
0.262907725693177	Permuted
0.262896821222794	Permuted
0.264397822388999	Permuted
0.260367236469633	Permuted
0.260079750180444	Permuted
0.266063122231411	Permuted
0.26331401154983	Permuted
0.262280076780227	Permuted
0.265058471057321	Permuted
0.2609690368799	Permuted
0.26169544402874	Permuted
0.262960223229766	Permuted
0.262812554047085	Permuted
0.263751003151681	Permuted
0.260927272165908	Permuted
0.264128125584097	Permuted
0.261153571287582	Permuted
0.261505333803375	Permuted
0.26220482389208	Permuted
0.262831537876134	Permuted
0.262388157833648	Permuted
0.261421006533137	Permuted
0.262968463061134	Permuted
0.262760852986257	Permuted
0.262074887822916	Permuted
0.262031060638558	Permuted
0.262285253519347	Permuted
0.260389516595478	Permuted
0.262752449820572	Permuted
0.262362117696726	Permuted
0.26273004061906	Permuted
0.260434496523991	Permuted
0.263294339891289	Permuted
0.262951579719645	Permuted
0.262344554717296	Permuted
0.262014157670246	Permuted
0.262790027418538	Permuted
0.262621660316408	Permuted
0.26366873780474	Permuted
0.263017738618502	Permuted
0.261564602304995	Permuted
0.261115280684587	Permuted
0.264372831527404	Permuted
0.261520264912294	Permuted
0.26351058923804	Permuted
0.265915239156427	Permuted
0.264048374605173	Permuted
0.262310240757879	Permuted
0.265566517713406	Permuted
0.262829336230399	Permuted
0.262049162171579	Permuted
0.261261464154501	Permuted
0.264908815271218	Permuted
0.261174669030922	Permuted
0.262528492267253	Permuted
0.26325995188216	Permuted
0.260608977826132	Permuted
0.26494351271518	Permuted
0.259763320016753	Permuted
0.264239653405179	Permuted
0.262580898677036	Permuted
0.263062942744663	Permuted
0.263991122015361	Permuted
0.26321626790812	Permuted
0.262190487226975	Permuted
0.263555127127594	Permuted
0.262088576892051	Permuted
0.262026632789091	Permuted
0.262487501839869	Permuted
0.261723375494992	Permuted
0.261601705031178	Permuted
0.26123140129875	Permuted
0.26497192875958	Permuted
0.260629862280508	Permuted
0.260371038162829	Permuted
0.264942003643415	Permuted
0.266024429689414	Permuted
0.263017930414363	Permuted
0.263041438125283	Permuted
0.264930369023618	Permuted
0.26464570615633	Permuted
0.260917205977708	Permuted
0.262088496191886	Permuted
0.261155616005813	Permuted
0.264610469936528	Permuted
0.263348009733188	Permuted
0.261123529112024	Permuted
0.2640518421324	Permuted
0.260466202082926	Permuted
0.258944606420828	Permuted
0.262019486166052	Permuted
0.264862276940913	Permuted
0.261636003869894	Permuted
0.263224924469607	Permuted
0.26154789164556	Permuted
0.264026481518449	Permuted
0.264019856806437	Permuted
0.262619124657187	Permuted
0.260404069459173	Permuted
0.261238796916788	Permuted
0.263883889958757	Permuted
0.263216315953013	Permuted
0.263997963494816	Permuted
0.262880697027537	Permuted
0.263856359123715	Permuted
0.260679499788347	Permuted
0.262036281223644	Permuted
0.259980050282365	Permuted
0.262150762722424	Permuted
0.262093616135803	Permuted
0.261099208772579	Permuted
0.26401096549686	Permuted
0.262139744036103	Permuted
0.263489286822947	Permuted
0.261857760434252	Permuted
0.264529611512202	Permuted
0.265020512788555	Permuted
0.262120629527119	Permuted
0.261410205510894	Permuted
0.261547937425824	Permuted
0.263029785464534	Permuted
0.259929329324388	Permuted
0.263037233385715	Permuted
0.262748962736242	Permuted
0.2634342526283	Permuted
0.264564975521728	Permuted
0.261793396787279	Permuted
0.263908286862885	Permuted
0.263677414867038	Permuted
0.261352605828948	Permuted
0.263439118495166	Permuted
0.261621008247618	Permuted
0.26236953356211	Permuted
0.264413587947098	Permuted
0.262210627081601	Permuted
0.260657585073352	Permuted
0.262030709180513	Permuted
0.261161709869566	Permuted
0.26106692455979	Permuted
0.263702180928493	Permuted
0.263636594497949	Permuted
0.262871215758155	Permuted
0.269348410965243	Permuted
0.264101876537094	Permuted
0.262687365285462	Permuted
0.262236781597993	Permuted
0.262835050621872	Permuted
0.262081788610005	Permuted
0.259642862877918	Permuted
0.261981108332446	Permuted
0.262879690738535	Permuted
0.261167021422058	Permuted
0.263255437787353	Permuted
0.26279820760498	Permuted
0.263618157189988	Permuted
0.263161460429594	Permuted
0.261242172850585	Permuted
0.264008720769054	Permuted
0.262996882635427	Permuted
0.263332092197708	Permuted
0.263748009298525	Permuted
0.261269109855599	Permuted
0.263480292490228	Permuted
0.263118566499666	Permuted
0.259145664126392	Permuted
0.26158658134356	Permuted
0.261679405417841	Permuted
0.264716357021224	Permuted
0.263191623890509	Permuted
0.264948566037143	Permuted
0.261030451768152	Permuted
0.260818823396097	Permuted
0.263423073444169	Permuted
0.262518268599028	Permuted
0.262810635389804	Permuted
0.259296403480575	Permuted
0.260958936221643	Permuted
0.26272595636848	Permuted
0.263106231996968	Permuted
0.262681130448598	Permuted
0.262021876984255	Permuted
0.263187102345662	Permuted
0.263720945031805	Permuted
0.26061966472494	Permuted
0.263018368970537	Permuted
0.262703327913009	Permuted
0.261913782222384	Permuted
0.262384199364781	Permuted
0.264091250790973	Permuted
0.261712326214618	Permuted
0.261472543530093	Permuted
0.262767860049187	Permuted
0.263239640392955	Permuted
0.263460359354682	Permuted
0.262207468399852	Permuted
0.262895338123662	Permuted
0.263251869274838	Permuted
0.263683590990172	Permuted
0.261293368157197	Permuted
0.263464628797792	Permuted
0.263943824096246	Permuted
0.262335369643422	Permuted
0.264857255650264	Permuted
0.262175706331738	Permuted
0.261087758117141	Permuted
0.262722683403491	Permuted
0.262296588619615	Permuted
0.262888106870958	Permuted
0.261867027839263	Permuted
0.263617892268957	Permuted
0.261240475503073	Permuted
0.261933847348236	Permuted
0.261244255087298	Permuted
0.261177750607439	Permuted
0.26489222499041	Permuted
0.263372663513386	Permuted
0.260989013129656	Permuted
0.261461588954058	Permuted
0.262497286835948	Permuted
0.260573307254431	Permuted
0.261718950406381	Permuted
0.264568878477276	Permuted
0.264232631031318	Permuted
0.261496902864754	Permuted
0.261778088606222	Permuted
0.26397393426351	Permuted
0.265759528818274	Permuted
0.261493037454695	Permuted
0.262388161169898	Permuted
0.261458633643548	Permuted
0.263145718715969	Permuted
0.261657522526157	Permuted
0.262185480057828	Permuted
0.261399748543204	Permuted
0.262821690662088	Permuted
0.264610424825533	Permuted
0.263719161961604	Permuted
0.262693118538217	Permuted
0.262004934207753	Permuted
0.262882505106911	Permuted
0.263476267148741	Permuted
0.261450360567586	Permuted
0.261189135250148	Permuted
0.2610705060041	Permuted
0.2617017920754	Permuted
0.262665274408915	Permuted
0.263698732485777	Permuted
0.260548948292032	Permuted
0.264089753410997	Permuted
0.261963746711521	Permuted
0.260062249535039	Permuted
0.26265030602601	Permuted
0.260140119793351	Permuted
0.265089952187474	Permuted
0.263715052245271	Permuted
0.264242325122729	Permuted
0.261101341909703	Permuted
0.2634766870439	Permuted
0.261490849917534	Permuted
0.261007493138904	Permuted
0.263662811648912	Permuted
0.261243796947662	Permuted
0.26336649907377	Permuted
0.262679981805154	Permuted
0.260378153581987	Permuted
0.263660286567372	Permuted
0.263369588730948	Permuted
0.263361770262443	Permuted
0.261610459736748	Permuted
0.263891464032425	Permuted
0.263432510642648	Permuted
0.262888451491518	Permuted
0.260407962565676	Permuted
0.264340200061629	Permuted
0.262621993914677	Permuted
0.261466401721582	Permuted
0.264329659907867	Permuted
0.262211188928932	Permuted
0.26416790929672	Permuted
0.261829920574649	Permuted
0.262851460708326	Permuted
0.26410110621279	Permuted
0.263016862501754	Permuted
0.260648985265696	Permuted
0.265423033613558	Permuted
0.260691422827107	Permuted
0.263323166456461	Permuted
0.261680870664957	Permuted
0.26033643694088	Permuted
0.261395013271559	Permuted
0.261383776679566	Permuted
0.264937825782613	Permuted
0.263101326376188	Permuted
0.26319077794187	Permuted
0.261153052572724	Permuted
0.262321566962923	Permuted
0.260636623567174	Permuted
0.261242912491306	Permuted
0.260838124415988	Permuted
0.262899341954334	Permuted
0.262589169121267	Permuted
0.263177875612149	Permuted
0.263812928464868	Permuted
0.265322022911169	Permuted
0.261901900213227	Permuted
0.261533294153871	Permuted
0.262651486612589	Permuted
0.260359381479152	Permuted
0.261443745384767	Permuted
0.263939759281455	Permuted
0.262221535183213	Permuted
0.261010095723791	Permuted
0.262344121179962	Permuted
0.264347453520677	Permuted
0.263656575323365	Permuted
0.26340557568064	Permuted
0.263739614114725	Permuted
0.265842309075674	Permuted
0.26189727978296	Permuted
0.261978997940742	Permuted
0.261768330748764	Permuted
0.261318034251257	Permuted
0.260181369162682	Permuted
0.262937319263973	Permuted
0.26078023534319	Permuted
0.262629007863443	Permuted
0.261783354779354	Permuted
0.261311632300644	Permuted
0.263179445898576	Permuted
0.259908360168686	Permuted
0.263512057449006	Permuted
0.264816661725325	Permuted
0.260108081285877	Permuted
0.26477769842712	Permuted
0.260830036228496	Permuted
0.26062355960118	Permuted
0.265718086498955	Permuted
0.260597072481763	Permuted
0.262917164161441	Permuted
0.262878520814169	Permuted
0.263367492024195	Permuted
0.261098695885818	Permuted
0.26147548892073	Permuted
0.261750731790359	Permuted
0.263076111109505	Permuted
0.261414654583357	Permuted
0.261216764207588	Permuted
0.262578040422693	Permuted
0.265207612500982	Permuted
0.262505597452805	Permuted
0.262924045402196	Permuted
0.263091941829093	Permuted
0.262160648573899	Permuted
0.264616960630769	Permuted
0.262693230079736	Permuted
0.262178790763896	Permuted
0.26448948408724	Permuted
0.262253389430103	Permuted
0.262474583283578	Permuted
0.261403840049825	Permuted
0.264337270708196	Permuted
0.263416211302306	Permuted
0.259929257898386	Permuted
0.26144134861644	Permuted
0.264162526051897	Permuted
0.261047756172569	Permuted
0.261621611799907	Permuted
0.263485408562592	Permuted
0.261174827174772	Permuted
0.265859218567064	Permuted
0.261843103669941	Permuted
0.261988558087055	Permuted
0.26169377255773	Permuted
0.264182665556436	Permuted
0.263910879175715	Permuted
0.261078530682992	Permuted
0.263229803360201	Permuted
0.260957992137819	Permuted
0.262279589243622	Permuted
0.261116338588574	Permuted
0.263628846255138	Permuted
0.262229520041679	Permuted
0.26449107640496	Permuted
0.260612805891203	Permuted
0.264010812872865	Permuted
0.263001936124486	Permuted
0.26172168494771	Permuted
0.263200740442681	Permuted
0.261005473223375	Permuted
0.261897442835943	Permuted
0.262505498411956	Permuted
0.263385232012134	Permuted
0.264092358234577	Permuted
0.262534750361321	Permuted
0.260222950040636	Permuted
0.263633400018321	Permuted
0.261145603471466	Permuted
0.26162411578015	Permuted
0.262279595206795	Permuted
0.262386039032977	Permuted
0.26249862015618	Permuted
0.260571468522865	Permuted
0.260766039840067	Permuted
0.262256601293177	Permuted
0.263646795190766	Permuted
0.259897683890564	Permuted
0.261186221851785	Permuted
0.26244859023269	Permuted
0.264062605833147	Permuted
0.262555010807988	Permuted
0.264787823599963	Permuted
0.260868825378486	Permuted
0.260085403135849	Permuted
0.261352251179628	Permuted
0.26243610105987	Permuted
0.261759891125924	Permuted
0.26154097261932	Permuted
0.263099904530394	Permuted
0.261355294684777	Permuted
0.264392500740938	Permuted
0.261520098522932	Permuted
0.264428439821173	Permuted
0.261868288761518	Permuted
0.263713266284564	Permuted
0.262262760323934	Permuted
0.264047585984268	Permuted
0.263509367917196	Permuted
0.265506923816799	Permuted
0.263847327406923	Permuted
0.259772174202826	Permuted
0.261825208763516	Permuted
0.263392405561806	Permuted
0.259957070700491	Permuted
0.261567535908623	Permuted
0.262337884189554	Permuted
0.261587560110411	Permuted
0.262184831030046	Permuted
0.26236627432967	Permuted
0.262506860297498	Permuted
0.263582847115051	Permuted
0.262465101643256	Permuted
0.261303472369059	Permuted
0.262400933064267	Permuted
0.265055241582246	Permuted
0.262897074622135	Permuted
0.262071328749453	Permuted
0.262608095539024	Permuted
0.264488668411299	Permuted
0.261434239587071	Permuted
0.262543420862214	Permuted
0.264848733456342	Permuted
0.262496314595347	Permuted
0.26154399906591	Permuted
0.261696086839489	Permuted
0.260672854797329	Permuted
0.260916146572889	Permuted
0.263104479765418	Permuted
0.262554704185744	Permuted
0.262635903327095	Permuted
0.263600114566793	Permuted
0.263903103697307	Permuted
0.261216111477073	Permuted
0.261802214076381	Permuted
0.262834582112984	Permuted
0.261172790866966	Permuted
0.261097325299517	Permuted
0.263035946698555	Permuted
0.261401452885551	Permuted
0.262732999700589	Permuted
0.261848957260251	Permuted
0.262051085500672	Permuted
0.260977580018152	Permuted
0.262274621192757	Permuted
0.261861030325575	Permuted
0.263884070154683	Permuted
0.25997918797519	Permuted
0.261640223137599	Permuted
0.261210045632029	Permuted
0.264848284835257	Permuted
0.263325344102334	Permuted
0.262978697332738	Permuted
0.264112370473984	Permuted
0.261281097645872	Permuted
0.262086684005684	Permuted
0.260832429464833	Permuted
0.262979286048956	Permuted
0.262085014010268	Permuted
0.262011412194379	Permuted
0.261050757978161	Permuted
0.261421400347181	Permuted
0.264463994545232	Permuted
0.262518194712553	Permuted
0.261153715358094	Permuted
0.262889884509049	Permuted
0.262013098025496	Permuted
0.261971376635722	Permuted
0.26126065831013	Permuted
0.262157645975465	Permuted
0.260983354382743	Permuted
0.263023199179404	Permuted
0.261175153169268	Permuted
0.263927178156114	Permuted
0.259865902705112	Permuted
0.261992659403817	Permuted
0.260198739415783	Permuted
0.262663098373819	Permuted
0.264169508484915	Permuted
0.263019182027848	Permuted
0.262808392894985	Permuted
0.263145595919981	Permuted
0.269090866017102	Permuted
0.262394483986066	Permuted
0.264138640508053	Permuted
0.261941955860282	Permuted
0.260723204256654	Permuted
0.260800153436857	Permuted
0.261491486296251	Permuted
0.262915590919462	Permuted
0.262423987081987	Permuted
0.263377940761055	Permuted
0.261876058462484	Permuted
0.263255698207865	Permuted
0.262721612893751	Permuted
0.263009228297722	Permuted
0.26459930919893	Permuted
0.261782163146316	Permuted
0.261090314751386	Permuted
0.262954529268823	Permuted
0.261124783740553	Permuted
0.262585354706	Permuted
0.262175702946559	Permuted
0.261869470910772	Permuted
0.262865673047638	Permuted
0.262132140511349	Permuted
0.261467741354638	Permuted
0.262495863561629	Permuted
0.262365056129259	Permuted
0.263643056786771	Permuted
0.261425738025538	Permuted
0.264854128930307	Permuted
0.263830108328908	Permuted
0.263598214839408	Permuted
0.26289432655151	Permuted
0.262385259692137	Permuted
0.264257730062444	Permuted
0.263649900795304	Permuted
0.263737856494621	Permuted
0.260040194801935	Permuted
0.261126978036196	Permuted
0.265927304189715	Permuted
0.260906946315374	Permuted
0.263939882230909	Permuted
0.26119946176394	Permuted
0.262993671818035	Permuted
0.262431477790893	Permuted
0.264664026136375	Permuted
0.262521302614314	Permuted
0.262561379945815	Permuted
0.262688621138269	Permuted
0.262859237193597	Permuted
0.263649089587618	Permuted
0.265994239056723	Permuted
0.261126048863881	Permuted
0.261727385245598	Permuted
0.260903869367701	Permuted
0.260252544248897	Permuted
0.263583214629059	Permuted
0.26331710419469	Permuted
0.263834618297306	Permuted
0.264473829800232	Permuted
0.262685788566567	Permuted
0.261681017344067	Permuted
0.260559031198826	Permuted
0.259852145670477	Permuted
0.260586907079425	Permuted
0.260824827388172	Permuted
0.265321134824048	Permuted
0.261348675153891	Permuted
0.261620365776044	Permuted
0.262726086238696	Permuted
0.260324444211961	Permuted
0.260514264466695	Permuted
0.266161078118019	Permuted
0.261452490184732	Permuted
0.261655760691629	Permuted
0.265940970171223	Permuted
0.263428830738832	Permuted
0.264179504988867	Permuted
0.263471007247054	Permuted
0.262577111242894	Permuted
0.261392524971796	Permuted
0.261723374007881	Permuted
0.260829876292914	Permuted
0.262814078626925	Permuted
0.264015352758784	Permuted
0.260113909638618	Permuted
0.264119427276488	Permuted
0.260372004851322	Permuted
0.262908760098816	Permuted
0.260489203049347	Permuted
0.263524544426925	Permuted
0.263877481730514	Permuted
0.261144842241769	Permuted
0.263396795976992	Permuted
0.260268687936175	Permuted
0.2635891253443	Permuted
0.262543656229772	Permuted
0.261405670795335	Permuted
0.262095048666543	Permuted
0.264100894623049	Permuted
0.263194089689454	Permuted
0.260952413461296	Permuted
0.264009247643176	Permuted
0.260630016286849	Permuted
0.265194349896624	Permuted
0.26400754552392	Permuted
0.264581110445724	Permuted
0.266587742713872	Permuted
0.263193338507899	Permuted
0.261975773943567	Permuted
0.260523341676855	Permuted
0.263023557541351	Permuted
0.264471661314868	Permuted
0.262210217549871	Permuted
0.262093582600743	Permuted
0.263278822934044	Permuted
0.263439872157311	Permuted
0.266244427763757	Permuted
0.261602757511421	Permuted
0.261707056183605	Permuted
0.261693188625613	Permuted
0.261222796291272	Permuted
0.262148315676999	Permuted
0.260635894109852	Permuted
0.262902174929447	Permuted
0.260889150466444	Permuted
0.262242720969833	Permuted
0.262561730770614	Permuted
0.261552161786215	Permuted
0.261341314049024	Permuted
0.262174573559847	Permuted
0.263056899477533	Permuted
0.263967424314483	Permuted
0.261045364882628	Permuted
0.264547925656788	Permuted
0.263705736958349	Permuted
0.260720280530384	Permuted
0.263235028047905	Permuted
0.262911900371653	Permuted
0.264411802904726	Permuted
0.261007861563761	Permuted
0.263182750511421	Permuted
0.260221011708943	Permuted
0.260820738812642	Permuted
0.261965252330528	Permuted
0.262322667809992	Permuted
0.261814317454892	Permuted
0.262716163381544	Permuted
0.263332271484806	Permuted
0.263606679654429	Permuted
0.264889936057524	Permuted
0.266200893589227	Permuted
0.262299386657325	Permuted
0.261824804002264	Permuted
0.265298391322895	Permuted
0.263378772983854	Permuted
0.261017778260195	Permuted
0.265103532443984	Permuted
0.261739700884411	Permuted
0.262286185280549	Permuted
0.260635251455226	Permuted
0.262766350118096	Permuted
0.26243627850372	Permuted
0.260943558633544	Permuted
0.263543560740999	Permuted
0.259931673020947	Permuted
0.262212682348438	Permuted
0.261163946563198	Permuted
0.262836679039166	Permuted
0.260907560989387	Permuted
0.263570854360119	Permuted
0.261832097466307	Permuted
0.260929604351586	Permuted
0.263611986736865	Permuted
0.263855824637484	Permuted
0.263001676574068	Permuted
0.261966538667299	Permuted
0.26229757225574	Permuted
0.263369269292676	Permuted
0.25945120424075	Permuted
0.262681218518463	Permuted
0.260866862836859	Permuted
0.261168381043899	Permuted
0.263113883969738	Permuted
0.262723660779927	Permuted
0.263397017318581	Permuted
0.263007217835405	Permuted
0.261953299575845	Permuted
0.263977847067354	Permuted
0.262979560699625	Permuted
0.265346039000764	Permuted
0.262893500063637	Permuted
0.260741631951956	Permuted
0.262844941185649	Permuted
0.263919790506526	Permuted
0.262560983141237	Permuted
0.261173667619613	Permuted
0.260829268866585	Permuted
0.263636442160759	Permuted
0.26031588341497	Permuted
0.265452070995481	Permuted
0.261634087579135	Permuted
0.260585868734494	Permuted
0.261562698126902	Permuted
0.261677371326327	Permuted
0.262638295656336	Permuted
0.262922421257752	Permuted
0.263320014942849	Permuted
0.262367995958266	Permuted
0.261049073171698	Permuted
0.262413833079611	Permuted
0.259934296460913	Permuted
0.262583469268837	Permuted
0.261180780936745	Permuted
0.261785084834592	Permuted
0.261597543139132	Permuted
0.263087562721813	Permuted
0.263302371571112	Permuted
0.261024608011444	Permuted
0.263622147145814	Permuted
0.261221388584177	Permuted
0.260817167428874	Permuted
0.263500862648182	Permuted
0.261168074861197	Permuted
0.262379478498181	Permuted
0.262334295299169	Permuted
0.261375155662123	Permuted
0.262598800542992	Permuted
0.262670178559475	Permuted
0.261348002599102	Permuted
0.260900320228728	Permuted
0.26026240655253	Permuted
0.262819155097008	Permuted
0.262417978748245	Permuted
0.2628736280923	Permuted
0.263650705406025	Permuted
0.261022073829486	Permuted
0.263080763373853	Permuted
0.266364781928105	Permuted
0.259737177492437	Permuted
0.263988689967633	Permuted
0.261345564735593	Permuted
0.262826105003602	Permuted
0.263286407248872	Permuted
0.261285886792433	Permuted
0.262731055699584	Permuted
0.263089558099206	Permuted
0.263603726706388	Permuted
0.260917888227413	Permuted
0.262322019554259	Permuted
0.263657117790016	Permuted
0.260785551253202	Permuted
0.262401567040054	Permuted
0.261077778294033	Permuted
0.266395882199233	Permuted
0.262208907782897	Permuted
0.266290897058006	Permuted
0.264226605387613	Permuted
0.26095098379546	Permuted
0.261597994164763	Permuted
0.263119076115741	Permuted
0.263507572401306	Permuted
0.262450209394419	Permuted
0.261220794595488	Permuted
0.261445739176792	Permuted
0.262823922654467	Permuted
0.262430530429117	Permuted
0.261345324873933	Permuted
0.264455645449511	Permuted
0.261805500221476	Permuted
0.260921101752098	Permuted
0.264966130586843	Permuted
0.26336224298896	Permuted
0.264074090725641	Permuted
0.26563496553471	Permuted
0.262764961240184	Permuted
0.262579650038252	Permuted
0.263174601702087	Permuted
0.260353655410959	Permuted
0.262174204177245	Permuted
0.264068574983025	Permuted
0.262243283054908	Permuted
0.259411265769899	Permuted
0.260840960433021	Permuted
0.262240404893311	Permuted
0.263070496527294	Permuted
0.260971811661578	Permuted
0.264156975271012	Permuted
0.264186771090772	Permuted
0.26136316166244	Permuted
0.26187890931026	Permuted
0.263161179785275	Permuted
0.26607565091176	Permuted
0.261702116316794	Permuted
0.262665296742153	Permuted
0.262198062211905	Permuted
0.264511776704044	Permuted
0.261150192559317	Permuted
0.260960611356416	Permuted
0.263523222356446	Permuted
0.263062609830683	Permuted
0.260607193262471	Permuted
0.261888724043615	Permuted
0.260944361681151	Permuted
0.259970725887853	Permuted
0.261382933441008	Permuted
0.263551620787722	Permuted
0.260234939757578	Permuted
0.261641703459097	Permuted
0.265177073882022	Permuted
0.264388866226942	Permuted
0.262259392798729	Permuted
0.26275178688915	Permuted
0.262420666020643	Permuted
0.263752526697409	Permuted
0.261686814728899	Permuted
0.264481708027262	Permuted
0.263102211701127	Permuted
0.261182267917958	Permuted
0.263016868276774	Permuted
0.261006398023621	Permuted
0.260593898061928	Permuted
0.264183348510284	Permuted
0.263785195092708	Permuted
0.262040874829124	Permuted
0.262477787555348	Permuted
0.262883383064879	Permuted
0.262629761671128	Permuted
0.263110365125005	Permuted
0.262714502093362	Permuted
0.264644208154974	Permuted
0.261631440538871	Permuted
0.262687836008002	Permuted
0.260763660333228	Permuted
0.264858269294118	Permuted
0.26551619051793	Permuted
0.262579808490534	Permuted
0.262686880707138	Permuted
0.261441034957542	Permuted
0.261310673563806	Permuted
0.26161550801665	Permuted
0.260991591166059	Permuted
0.261732555731657	Permuted
0.262284103973823	Permuted
0.261043002178385	Permuted
0.267784070085541	Permuted
0.263155159022743	Permuted
0.262411928620447	Permuted
0.262425987740234	Permuted
0.2611419341513	Permuted
0.262747263971444	Permuted
0.261852334546789	Permuted
0.263590285583356	Permuted
0.2609457439141	Permuted
0.261536431737086	Permuted
0.262680488464233	Permuted
0.262767658657179	Permuted
0.263388042495672	Permuted
0.260790682209598	Permuted
0.263634259508602	Permuted
0.262051592517202	Permuted
0.262628852846769	Permuted
0.263889103964057	Permuted
0.261412478709668	Permuted
0.26095006223915	Permuted
0.261602306028711	Permuted
0.260321567714657	Permuted
0.26117793871022	Permuted
0.263152812586819	Permuted
0.261999307840762	Permuted
0.261423623071727	Permuted
0.261530801871591	Permuted
0.261428324850387	Permuted
0.264646208858142	Permuted
0.265743886445804	Permuted
0.264264652313628	Permuted
0.263115852227358	Permuted
0.263057479898726	Permuted
0.261880101532519	Permuted
0.260401772677249	Permuted
0.261505413874717	Permuted
0.262993380363224	Permuted
0.263179951472257	Permuted
0.260891848297	Permuted
0.261124511120655	Permuted
0.259867494046763	Permuted
0.261660095421485	Permuted
0.264768022325251	Permuted
0.261985719755913	Permuted
0.261854298394155	Permuted
0.264754289812617	Permuted
0.26338031488513	Permuted
0.262066099459255	Permuted
0.26339797256156	Permuted
0.261478662017373	Permuted
0.263277536786934	Permuted
0.261812857213509	Permuted
0.264497221830741	Permuted
0.263497364354455	Permuted
0.261021833102857	Permuted
0.262598604858773	Permuted
0.261985881802865	Permuted
0.262209891816973	Permuted
0.261532323272035	Permuted
0.263303516507357	Permuted
0.263335021484351	Permuted
0.26231421958679	Permuted
0.263148129683859	Permuted
0.263529937829926	Permuted
0.262412753593235	Permuted
0.262421260346341	Permuted
0.262298302037712	Permuted
0.263461389195523	Permuted
0.264306934533919	Permuted
0.261686092847081	Permuted
0.262759291794888	Permuted
0.263053657818674	Permuted
0.263603505679468	Permuted
0.262801041383871	Permuted
0.261680837903982	Permuted
0.261117899503381	Permuted
0.262557052697566	Permuted
0.262496212319334	Permuted
0.26227773379681	Permuted
0.261200533615193	Permuted
0.260922503231966	Permuted
0.26571682403668	Permuted
0.261594742250401	Permuted
0.261707094515747	Permuted
0.263869581825266	Permuted
0.261545744237688	Permuted
0.262489969079038	Permuted
0.263131874273927	Permuted
0.263533105345354	Permuted
0.262892289814465	Permuted
0.261997344557505	Permuted
0.2626341250841	Permuted
0.262795239506042	Permuted
0.262179807683948	Permuted
0.26500179851865	Permuted
0.261970019186066	Permuted
0.26189924683735	Permuted
0.261329888543333	Permuted
0.262452459712635	Permuted
0.264150679782539	Permuted
0.264586599369204	Permuted
0.264735476178537	Permuted
0.262113243841192	Permuted
0.262528294611293	Permuted
0.261818198899209	Permuted
0.262406596805145	Permuted
0.261345016580739	Permuted
0.261818417315321	Permuted
0.261928835484747	Permuted
0.262465621206433	Permuted
0.265296290656251	Permuted
0.263129164399254	Permuted
0.262795453783977	Permuted
0.262274857646395	Permuted
0.265008216027245	Permuted
0.26546021021697	Permuted
0.261697572768267	Permuted
0.26082275815059	Permuted
0.263415515939467	Permuted
0.261565972824417	Permuted
0.261268707934343	Permuted
0.263927265085047	Permuted
0.261674871456669	Permuted
0.265239619718992	Permuted
0.263493118495006	Permuted
0.260410522535429	Permuted
0.263669768287615	Permuted
0.260853816111123	Permuted
0.262258174357779	Permuted
0.264849003203627	Permuted
0.26187678833106	Permuted
0.261639731438059	Permuted
0.26053774138624	Permuted
0.263521636067852	Permuted
0.263078747055015	Permuted
0.262007594480231	Permuted
0.262224775802512	Permuted
0.261726864833929	Permuted
0.263012350643031	Permuted
0.262505022493684	Permuted
0.262710238748907	Permuted
0.263623870519815	Permuted
0.262627962078059	Permuted
0.262419317278446	Permuted
0.262419922174584	Permuted
0.261155943503387	Permuted
0.26151617359014	Permuted
0.262078783303975	Permuted
0.261369650758569	Permuted
0.262652951449149	Permuted
0.26382033326244	Permuted
0.259682530536257	Permuted
0.261523901207635	Permuted
0.26156480658615	Permuted
0.264145066742348	Permuted
0.262289211815092	Permuted
0.263803614447926	Permuted
0.263169420593977	Permuted
0.263110455803883	Permuted
0.262453885660403	Permuted
0.261775200072446	Permuted
0.261135505745048	Permuted
0.261777780682876	Permuted
0.261530536966938	Permuted
0.262691891240942	Permuted
0.261536603191547	Permuted
0.260472293263857	Permuted
0.262242432723372	Permuted
0.261896015329383	Permuted
0.264544587557698	Permuted
0.261163298909904	Permuted
0.26166775182512	Permuted
0.263900724821284	Permuted
0.261362573818561	Permuted
0.262976281553927	Permuted
0.261703442141001	Permuted
0.262302391324851	Permuted
0.264651880257056	Permuted
0.260362876227904	Permuted
0.266809246640769	Permuted
0.260659791956718	Permuted
0.26344934583279	Permuted
0.260280826383726	Permuted
0.263276991818696	Permuted
0.26195716786679	Permuted
0.263444256773095	Permuted
0.262797552221185	Permuted
0.261592315089169	Permuted
0.262871392755461	Permuted
0.260932506483896	Permuted
0.262377023829823	Permuted
0.26207638711673	Permuted
0.259353150982097	Permuted
0.261487821790946	Permuted
0.261822224821975	Permuted
0.263938069621456	Permuted
0.262289360694744	Permuted
0.265700778759503	Permuted
0.261998193190714	Permuted
0.261312398956292	Permuted
0.265037265298957	Permuted
0.262601092635126	Permuted
0.261077535705172	Permuted
0.264815639691981	Permuted
0.265195675096779	Permuted
0.263497603275586	Permuted
0.267569671083237	Permuted
0.260426721394705	Permuted
0.26103041381063	Permuted
0.263788310563961	Permuted
0.262444713815776	Permuted
0.261616587368293	Permuted
0.260940778358085	Permuted
0.260839444060909	Permuted
0.261629889961978	Permuted
0.263927284636132	Permuted
0.262320113203445	Permuted
0.261667794717527	Permuted
0.264972038677685	Permuted
0.263990862302837	Permuted
0.262463880566961	Permuted
0.261492799321938	Permuted
0.261970768709472	Permuted
0.262146787057285	Permuted
0.264115390464701	Permuted
0.261025098760578	Permuted
0.266065761977703	Permuted
0.261302622276841	Permuted
0.263711561547584	Permuted
0.262620821647827	Permuted
0.261977842900784	Permuted
0.264066570163226	Permuted
0.261167882667551	Permuted
0.262127390446548	Permuted
0.262769994376452	Permuted
0.262068580060882	Permuted
0.261093797389618	Permuted
0.264234912083049	Permuted
0.263094466338989	Permuted
0.260820249399798	Permuted
0.261307415992937	Permuted
0.261471880735806	Permuted
0.263326771603765	Permuted
0.261029660954315	Permuted
0.261162229871981	Permuted
0.262166589427163	Permuted
0.263231768155223	Permuted
0.261424676910102	Permuted
0.261186595611422	Permuted
0.261884613015656	Permuted
0.262029385819857	Permuted
0.261414607919528	Permuted
0.261969243362551	Permuted
0.261304716565956	Permuted
0.259563947263947	Permuted
0.262722316988932	Permuted
0.262995050808872	Permuted
0.262571699683776	Permuted
0.263578827917586	Permuted
0.264992376807302	Permuted
0.263253755361445	Permuted
0.261444779588584	Permuted
0.261506464617282	Permuted
0.264388135038635	Permuted
0.262436720755566	Permuted
0.26247411881354	Permuted
0.263102668794524	Permuted
0.261516959941368	Permuted
0.262839067690698	Permuted
0.261230882384761	Permuted
0.263352998564101	Permuted
0.263304406341065	Permuted
0.262313952256134	Permuted
0.265056424157181	Permuted
0.262533110240811	Permuted
0.266090651696247	Permuted
0.260240289949588	Permuted
0.262678815059906	Permuted
0.260979520025698	Permuted
0.263109117168972	Permuted
0.262085015995587	Permuted
0.262573661314514	Permuted
0.263951646270941	Permuted
0.262070425240267	Permuted
0.262226515544695	Permuted
0.26288648405069	Permuted
0.261741747588842	Permuted
0.261310598975333	Permuted
0.261344547915071	Permuted
0.261952239409766	Permuted
0.260234180197842	Permuted
0.262118783247172	Permuted
0.261999545384307	Permuted
0.263379494911377	Permuted
0.262209574341376	Permuted
0.264426458051299	Permuted
0.262509855690378	Permuted
0.262322362444804	Permuted
0.260964620825429	Permuted
0.262675009864601	Permuted
0.264056892387717	Permuted
0.262119341138692	Permuted
0.261489044385893	Permuted
0.264223181803683	Permuted
0.262936407635837	Permuted
0.263653837323249	Permuted
0.261811588169534	Permuted
0.261146807280757	Permuted
0.263459852057408	Permuted
0.259882608185739	Permuted
0.26388929721032	Permuted
0.261673817941959	Permuted
0.262246348686221	Permuted
0.262288678679531	Permuted
0.264132851466706	Permuted
0.261636683139827	Permuted
0.263312437965897	Permuted
0.263705999528705	Permuted
0.262781858970526	Permuted
0.263271896192712	Permuted
0.261952904042081	Permuted
0.260511678815986	Permuted
0.263494256171946	Permuted
0.262866662697279	Permuted
0.261824312081385	Permuted
0.26261138743198	Permuted
0.261381191656238	Permuted
0.26231057342489	Permuted
0.264347065776236	Permuted
0.262673369824912	Permuted
0.262030124808993	Permuted
0.261617130265046	Permuted
0.262079518041481	Permuted
0.261181671080789	Permuted
0.260938129911971	Permuted
0.26489446604498	Permuted
0.26081452867039	Permuted
0.262472348748755	Permuted
0.264375036379341	Permuted
0.261137170806807	Permuted
0.264509624507264	Permuted
0.262341590244662	Permuted
0.260234208236671	Permuted
0.263495768735566	Permuted
0.263140550489237	Permuted
0.260324879933225	Permuted
0.26030460039093	Permuted
0.262860883505622	Permuted
0.261027428075054	Permuted
0.262907344880762	Permuted
0.263277026358383	Permuted
0.262319390541133	Permuted
0.261750625109373	Permuted
0.263331524824263	Permuted
0.262193606475562	Permuted
0.263290478116228	Permuted
0.262538158558681	Permuted
0.261682672778663	Permuted
0.260411466904059	Permuted
0.261201336958004	Permuted
0.262295784981711	Permuted
0.265885320550809	Permuted
0.263739217585892	Permuted
0.262939153397431	Permuted
0.260987922976405	Permuted
0.264779953379752	Permuted
0.261562552704347	Permuted
0.263100838899928	Permuted
0.262942264022999	Permuted
0.264062704721506	Permuted
0.261373115103177	Permuted
0.261476469411981	Permuted
0.263278900449217	Permuted
0.26257183894507	Permuted
0.264115031985375	Permuted
0.2630413784975	Permuted
0.263550094425001	Permuted
0.265337395417322	Permuted
0.265048468756722	Permuted
0.261122138961353	Permuted
0.262341702827974	Permuted
0.261428583655573	Permuted
0.262538498408041	Permuted
0.261527041382774	Permuted
0.260564437060303	Permuted
0.263150036589974	Permuted
0.261982448921552	Permuted
0.26206325397361	Permuted
0.265792460037146	Permuted
0.263150080947188	Permuted
0.262185752524819	Permuted
0.265273547414136	Permuted
0.260628825044906	Permuted
0.261944572632442	Permuted
0.259165789416065	Permuted
0.26255097308458	Permuted
0.262292063472302	Permuted
0.264155721663375	Permuted
0.26310572158298	Permuted
0.264726022814236	Permuted
0.264028480690055	Permuted
0.262466156404043	Permuted
0.260851243530786	Permuted
0.263385703353024	Permuted
0.261214359653064	Permuted
0.26439674505618	Permuted
0.264038894967096	Permuted
0.261491216050293	Permuted
0.26484566445103	Permuted
0.264357061492648	Permuted
0.263229105127039	Permuted
0.26155993730839	Permuted
0.260465709151979	Permuted
0.264059485320677	Permuted
0.262933846102878	Permuted
0.260980823599113	Permuted
0.262013976494165	Permuted
0.262631252692122	Permuted
0.262156608918203	Permuted
0.260693539923863	Permuted
0.263513862250537	Permuted
0.2626699157865	Permuted
0.260856624747694	Permuted
0.264554041228333	Permuted
0.261374404353508	Permuted
0.263611325454635	Permuted
0.262449292565322	Permuted
0.266176969485745	Permuted
0.261255717497937	Permuted
0.263099547805883	Permuted
0.260428890846287	Permuted
0.262176407367033	Permuted
0.261774865416882	Permuted
0.262551533845998	Permuted
0.261041566258048	Permuted
0.261493282754104	Permuted
0.262401095350863	Permuted
0.262975392263116	Permuted
0.267021417552836	Permuted
0.261136007113524	Permuted
0.261546234452613	Permuted
0.261435528763428	Permuted
0.263491623517952	Permuted
0.266911013279701	Permuted
0.261105319873194	Permuted
0.266566397665935	Permuted
0.262617145943431	Permuted
0.263860459961408	Permuted
0.262668747627469	Permuted
0.260934276776244	Permuted
0.261050644318751	Permuted
0.26253432411255	Permuted
0.263974499135306	Permuted
0.261924996148695	Permuted
0.264960720140618	Permuted
0.261319973469543	Permuted
0.263497198803991	Permuted
0.261099585244833	Permuted
0.262908717677913	Permuted
0.262622518979291	Permuted
0.261951731754966	Permuted
0.262901759753391	Permuted
0.267506263903189	Permuted
0.26585845010183	Permuted
0.262288879566592	Permuted
0.262282891604546	Permuted
0.262245114383657	Permuted
0.263690272464864	Permuted
0.261780974662388	Permuted
0.262694081942395	Permuted
0.261271207091611	Permuted
0.263398981877643	Permuted
0.260380529873895	Permuted
0.261784177879077	Permuted
0.262142333819612	Permuted
0.263155297976229	Permuted
0.262862677201676	Permuted
0.263219511659089	Permuted
0.260503895493767	Permuted
0.262839922716511	Permuted
0.262509213418546	Permuted
0.262907139369799	Permuted
0.260679833123748	Permuted
0.262995167242485	Permuted
0.263444186854424	Permuted
0.264323096503481	Permuted
0.262431360210722	Permuted
0.261585232138941	Permuted
0.262983752150778	Permuted
0.262460195945865	Permuted
0.263790624913916	Permuted
0.263655409044141	Permuted
0.263871814475277	Permuted
0.261997856063771	Permuted
0.262547301935021	Permuted
0.26113435931229	Permuted
0.261680849380221	Permuted
0.262519810863962	Permuted
0.260520499885384	Permuted
0.262657614943339	Permuted
0.260576959936125	Permuted
0.261410080632561	Permuted
0.261073679521653	Permuted
0.263557766487608	Permuted
0.261660645511732	Permuted
0.265766948982863	Permuted
0.265394118701324	Permuted
0.265932360539055	Permuted
0.261181517380655	Permuted
0.26335225817684	Permuted
0.263143661914851	Permuted
0.264604236310176	Permuted
0.263042172062568	Permuted
0.261847161375334	Permuted
0.263922147816047	Permuted
0.261453364244599	Permuted
0.262309103381475	Permuted
0.263671183673207	Permuted
0.263977549662532	Permuted
0.26163739260729	Permuted
0.263985114799228	Permuted
0.260768679372029	Permuted
0.261679867780732	Permuted
0.262476030941184	Permuted
0.266258816389521	Permuted
0.262927143763341	Permuted
0.261338728724782	Permuted
0.262869730656482	Permuted
0.262356891981777	Permuted
0.261936047945254	Permuted
0.262772080793156	Permuted
0.262681053220674	Permuted
0.263882289349801	Permuted
0.260525779417497	Permuted
0.26343373814422	Permuted
0.263800340335279	Permuted
0.261844897226395	Permuted
0.264867787418401	Permuted
0.262680657778856	Permuted
0.261225166103866	Permuted
0.26308829506072	Permuted
0.265381471822757	Permuted
0.262234360320696	Permuted
0.26401900876962	Permuted
0.261953741918908	Permuted
0.25970414774595	Permuted
0.262555080982609	Permuted
0.262569783153172	Permuted
0.26101860077596	Permuted
0.263245043082507	Permuted
0.26242006571606	Permuted
0.262285313251815	Permuted
0.262326034957887	Permuted
0.26215545159105	Permuted
0.264768572958252	Permuted
0.261060663933811	Permuted
0.263797437330164	Permuted
0.263745069117073	Permuted
0.261625060136941	Permuted
0.261143012406402	Permuted
0.265669119437458	Permuted
0.261496283179001	Permuted
0.261392231139986	Permuted
0.263257437288316	Permuted
0.262601144383639	Permuted
0.261216340719706	Permuted
0.260708797715332	Permuted
0.260156865241048	Permuted
0.262881535225452	Permuted
0.264447634222517	Permuted
0.262351437879516	Permuted
0.261838275018918	Permuted
0.263713612512974	Permuted
0.26097936820239	Permuted
0.261836737764455	Permuted
0.261554934659866	Permuted
0.26096262313524	Permuted
0.268071930146316	Permuted
0.265652880244272	Permuted
0.264264144268876	Permuted
0.261534444647902	Permuted
0.262616145361867	Permuted
0.264212988577482	Permuted
0.26197274975341	Permuted
0.265464707974934	Permuted
0.262770282529166	Permuted
0.261729033076942	Permuted
0.260879549882778	Permuted
0.261265343658447	Permuted
0.263329488751717	Permuted
0.261090542484715	Permuted
0.2620460397372	Permuted
0.262025255397269	Permuted
0.26311966620214	Permuted
0.261714184947401	Permuted
0.260409783660438	Permuted
0.263099275426509	Permuted
0.263867588522187	Permuted
0.262723239124121	Permuted
0.261795848109017	Permuted
0.261999774480239	Permuted
0.265261080933279	Permuted
0.263424202536968	Permuted
0.262690828258803	Permuted
0.261915615550323	Permuted
0.259337596053079	Permuted
0.261992025367027	Permuted
0.263787859315254	Permuted
0.263601511576918	Permuted
0.260644784392794	Permuted
0.261374957668053	Permuted
0.260991623188388	Permuted
0.263242164371824	Permuted
0.259992573345461	Permuted
0.260705844596649	Permuted
0.26128616277949	Permuted
0.262508681017422	Permuted
0.262539848112447	Permuted
0.263941337144987	Permuted
0.264869131352583	Permuted
0.263430009820633	Permuted
0.260138011156319	Permuted
0.264256602956974	Permuted
0.262126884558075	Permuted
0.263195640733116	Permuted
0.262486224835755	Permuted
0.2610089343106	Permuted
0.26256789920064	Permuted
0.262001567556648	Permuted
0.263683889141566	Permuted
0.263985957802037	Permuted
0.260919410147957	Permuted
0.262573378358242	Permuted
0.26207247019585	Permuted
0.262185795130721	Permuted
0.260311558923447	Permuted
0.261622088143581	Permuted
0.262962312045203	Permuted
0.261714835461254	Permuted
0.261832813316706	Permuted
0.263858015233084	Permuted
0.262111368031963	Permuted
0.263521393550665	Permuted
0.260048574962697	Permuted
0.263891653176312	Permuted
0.26444111189846	Permuted
0.264680288993603	Permuted
0.263684617639334	Permuted
0.261609808887114	Permuted
0.264111487234008	Permuted
0.262466599874718	Permuted
0.263366672849944	Permuted
0.263460254336041	Permuted
0.261867563035419	Permuted
0.261796698426994	Permuted
0.263255611854327	Permuted
0.259682664931986	Permuted
0.262415511087123	Permuted
0.261238647802541	Permuted
0.263445420124226	Permuted
0.259369340360737	Permuted
0.261428934044372	Permuted
0.26260264241776	Permuted
0.261642813331662	Permuted
0.26086476020525	Permuted
0.262410707755181	Permuted
0.263594711823651	Permuted
0.262103818155913	Permuted
0.261160930446256	Permuted
0.262430728301449	Permuted
0.262698581478682	Permuted
0.262553796566668	Permuted
0.262496859712081	Permuted
0.263605434614048	Permuted
0.263172659455042	Permuted
0.262809779897073	Permuted
0.263471646723638	Permuted
0.261643899903672	Permuted
0.262625814639282	Permuted
0.262269877659829	Permuted
0.26415326231357	Permuted
0.262724785712904	Permuted
0.263793256241051	Permuted
0.262661463704495	Permuted
0.260582177420095	Permuted
0.263030353030544	Permuted
0.262049815012056	Permuted
0.264337635005768	Permuted
0.261664251768404	Permuted
0.261587264199965	Permuted
0.26233933845358	Permuted
0.261322611896372	Permuted
0.263343695289891	Permuted
0.260018844448628	Permuted
0.262696403790974	Permuted
0.263276618710951	Permuted
0.261859265707364	Permuted
0.263553837562667	Permuted
0.263804986435683	Permuted
0.262665675394599	Permuted
0.263143923072317	Permuted
0.262672784547062	Permuted
0.262731256044279	Permuted
0.263735498533674	Permuted
0.260908909065198	Permuted
0.263364432447173	Permuted
0.259521623879607	Permuted
0.262454502401726	Permuted
0.261348293720504	Permuted
0.262132901475773	Permuted
0.262880961083692	Permuted
0.26584042016553	Permuted
0.264785497860194	Permuted
0.262470133107721	Permuted
0.261119605789337	Permuted
0.262612549231424	Permuted
0.261049481868613	Permuted
0.262207470042547	Permuted
0.260549505494272	Permuted
0.262007781027943	Permuted
0.26491906815504	Permuted
0.260658828206944	Permuted
0.26129207092825	Permuted
0.262756938967009	Permuted
0.261080106705233	Permuted
0.263233473240646	Permuted
0.261909723203905	Permuted
0.262042401860829	Permuted
0.263093105179781	Permuted
0.261622603157498	Permuted
0.263525616576002	Permuted
0.263949460754526	Permuted
0.263434961005744	Permuted
0.262757372886834	Permuted
0.262362888935478	Permuted
0.261919460203849	Permuted
0.261230299016781	Permuted
0.262193400442514	Permuted
0.263847549450916	Permuted
0.261405363706534	Permuted
0.263341881277283	Permuted
0.262338519971298	Permuted
0.262561397813466	Permuted
0.259545161898872	Permuted
0.262016438804229	Permuted
0.262537605699315	Permuted
0.264046489049311	Permuted
0.260989321836907	Permuted
0.264613797295474	Permuted
0.262445851836603	Permuted
0.263256398109642	Permuted
0.262817403556694	Permuted
0.263800479286336	Permuted
0.264328759949947	Permuted
0.262728796089019	Permuted
0.263150807423223	Permuted
0.262969260102429	Permuted
0.263404472540681	Permuted
0.261119735155198	Permuted
0.261594670219221	Permuted
0.261347005497515	Permuted
0.261746367157606	Permuted
0.263381579852286	Permuted
0.261253847486533	Permuted
0.262853941781071	Permuted
0.264167696045218	Permuted
0.26248551836369	Permuted
0.261215802424386	Permuted
0.263783289138793	Permuted
0.262493130569125	Permuted
0.262093707019466	Permuted
0.265220518969189	Permuted
0.26201724501871	Permuted
0.261903484469568	Permuted
0.261530249909223	Permuted
0.265567142555374	Permuted
0.261956712093685	Permuted
0.261942484220741	Permuted
0.263142361837616	Permuted
0.263225793665579	Permuted
0.263975106074569	Permuted
0.267368273714247	Permuted
0.261294122185964	Permuted
0.265032625193353	Permuted
0.261772404360699	Permuted
0.262678293497626	Permuted
0.262730576483563	Permuted
0.268054697233899	Permuted
0.263949225104979	Permuted
0.262360742243309	Permuted
0.264530662650565	Permuted
0.262152804558461	Permuted
0.262661048050223	Permuted
0.262597330910022	Permuted
0.261771171399899	Permuted
0.262668999440216	Permuted
0.261160026833901	Permuted
0.262389057752957	Permuted
0.261983054856188	Permuted
0.263417092173335	Permuted
0.261226831769982	Permuted
0.261995327967915	Permuted
0.262612034542505	Permuted
0.262142864242046	Permuted
0.260484010148212	Permuted
0.262015614941029	Permuted
0.26039105239774	Permuted
0.262301505435939	Permuted
0.261128840096129	Permuted
0.260147589116321	Permuted
0.26020164779526	Permuted
0.262873311370597	Permuted
0.261328756847495	Permuted
0.262750028237061	Permuted
0.260229397428032	Permuted
0.262304430829152	Permuted
0.264125002745258	Permuted
0.264701518593913	Permuted
0.263832406420721	Permuted
0.261706155401665	Permuted
0.265250925006368	Permuted
0.261988420706252	Permuted
0.266286266184397	Permuted
0.262367237508045	Permuted
0.262808755357071	Permuted
0.262226877904595	Permuted
0.261706197624495	Permuted
0.26281606520253	Permuted
0.263938781639088	Permuted
0.262871096194294	Permuted
0.261519688799463	Permuted
0.262723529585259	Permuted
0.263948677281739	Permuted
0.262973924108832	Permuted
0.262884729989613	Permuted
0.261960895695129	Permuted
0.261841681314764	Permuted
0.263159997953566	Permuted
0.263302951267027	Permuted
0.262115279835511	Permuted
0.261818896010176	Permuted
0.262707523208971	Permuted
0.264418079818592	Permuted
0.260481968979855	Permuted
0.262457728811622	Permuted
0.261189932189503	Permuted
0.261112830156795	Permuted
0.262550154195271	Permuted
0.260096123957018	Permuted
0.263163721667124	Permuted
0.261691761626483	Permuted
0.26297891006566	Permuted
0.267330335317351	Permuted
0.262350920022753	Permuted
0.260074794352101	Permuted
0.26177242284506	Permuted
0.261677448248674	Permuted
0.261707630875366	Permuted
0.263974252617579	Permuted
0.263303900327212	Permuted
0.26366635190362	Permuted
0.262440356268634	Permuted
0.261467498103749	Permuted
0.262317981548905	Permuted
0.262614852949196	Permuted
0.262660438346019	Permuted
0.263324014261171	Permuted
0.262505640161813	Permuted
0.261754622870932	Permuted
0.261119203902727	Permuted
0.26097002237758	Permuted
0.261897331220427	Permuted
0.261730896592994	Permuted
0.261124872393666	Permuted
0.261291521533555	Permuted
0.260808470172042	Permuted
0.262926683880517	Permuted
0.263483231543406	Permuted
0.262263415080281	Permuted
0.263803284371844	Permuted
0.261903825868199	Permuted
0.261507083277468	Permuted
0.261693865724788	Permuted
0.261865892164831	Permuted
0.262982456734312	Permuted
0.261851944533617	Permuted
0.262704588521894	Permuted
0.261319190244653	Permuted
0.263541536734819	Permuted
0.263098432534846	Permuted
0.264424511921977	Permuted
0.26450835852159	Permuted
0.262984239864122	Permuted
0.26534101044452	Permuted
0.261914931318794	Permuted
0.261070764378586	Permuted
0.265748110808699	Permuted
0.260667372828174	Permuted
0.260961175764265	Permuted
0.26108040903035	Permuted
0.263439782481826	Permuted
0.262506600621519	Permuted
0.262507604456382	Permuted
0.263312279251968	Permuted
0.261243287065387	Permuted
0.262799111478524	Permuted
0.262043033344656	Permuted
0.260454513983508	Permuted
0.26285351162093	Permuted
0.26259541597224	Permuted
0.261763056461595	Permuted
0.262857422991878	Permuted
0.262907536338164	Permuted
0.26314625526143	Permuted
0.262259657872927	Permuted
0.263507584687781	Permuted
0.264032991658754	Permuted
0.262443143881083	Permuted
0.264396767003635	Permuted
0.260512268552216	Permuted
0.264477291230876	Permuted
0.263855957302339	Permuted
0.262319501608683	Permuted
0.262788086419613	Permuted
0.262809596845148	Permuted
0.262107734592975	Permuted
0.261955576071501	Permuted
0.262901512912582	Permuted
0.263793106967091	Permuted
0.263875440223524	Permuted
0.261070260860834	Permuted
0.263708560797899	Permuted
0.261138786021251	Permuted
